,Status,Count,Percentage
0,Signed,21,29.577464788732392
1,Vetoed,7,9.859154929577464
2,Failed,43,60.56338028169014
3,Total,71,100.0
