,Status,Count,Percentage
0,Signed,18,25.352112676056336
1,Vetoed,7,9.859154929577464
2,Failed,46,64.7887323943662
3,Total,71,100.0
