Committee Referral,Count,Percentage
Both,41,57.74647887323944
Neither,16,22.535211267605636
Senate Judiciary,10,14.084507042253522
Assembly Privacy,4,5.633802816901409
